时间,商品名称,库存变化,单笔销量
2026-10-06 16:26:56,日本地址,初始销量: 0,0
2026-10-06 16:26:56,国际地址,初始销量: 0,0
2026-10-06 16:26:56,中国地址,初始销量: 0,0
2026-10-06 16:26:56,韩国地址,初始销量: 0,0
2026-10-07 11:13:31,韩国地址,0->-35,35
2026-10-07 15:17:11,国际地址,0->-3,3
2026-10-07 16:05:31,韩国地址,-35->-19,-16
2026-10-07 16:24:38,韩国地址,-19->-21,2
2026-10-07 17:05:11,韩国地址,-21->-1,-20
2026-10-07 21:15:01,中国地址,0->-1,1
2026-10-07 21:34:10,中国地址,-1->0,-1
2026-10-08 13:02:39,国际地址,-3->-29,26
2026-10-08 15:15:20,韩国地址,-1->-27,26
2026-10-08 15:37:40,韩国地址,-27->-65,38
2026-10-08 17:34:08,韩国地址,-65->-39,-26
2026-10-08 17:45:43,韩国地址,-39->-26,-13
2026-10-08 18:44:14,日本地址,0->-6,6
2026-10-08 18:47:55,韩国地址,-26->-39,13
2026-10-08 19:16:31,韩国地址,-39->-78,39
2026-10-08 19:32:26,韩国地址,-78->-107,29
2026-10-08 19:50:28,韩国地址,-107->-122,15
2026-10-08 20:17:32,日本地址,-6->-10,4
2026-10-08 21:02:54,韩国地址,-122->-135,13
2026-10-08 21:08:15,韩国地址,-135->-174,39
2026-10-08 21:09:19,韩国地址,-174->-172,-2
2026-10-08 21:10:23,韩国地址,-172->-199,27
2026-10-08 21:11:27,韩国地址,-199->-214,15
2026-10-08 21:12:30,韩国地址,-214->-229,15
2026-10-08 21:14:39,韩国地址,-229->-261,32
2026-10-08 21:15:43,韩国地址,-261->-283,22
2026-10-08 21:17:51,韩国地址,-283->-335,52
2026-10-08 21:18:01,国际地址,-29->-43,14
2026-10-08 21:18:54,韩国地址,-335->-368,33
2026-10-08 21:25:19,韩国地址,-368->-355,-13
2026-10-08 21:38:06,韩国地址,-355->-399,44
2026-10-08 21:40:14,韩国地址,-399->-408,9
2026-10-08 21:55:06,韩国地址,-408->-428,20
2026-10-08 22:00:25,韩国地址,-428->-448,20
2026-10-08 22:01:29,韩国地址,-448->-482,34
2026-10-08 22:05:45,韩国地址,-482->-490,8
2026-10-08 22:08:57,韩国地址,-490->-504,14
2026-10-08 22:18:34,韩国地址,-504->-481,-23
2026-10-08 22:24:46,韩国地址,-481->-504,23
2026-10-08 22:28:25,韩国地址,-504->-484,-20
2026-10-08 22:30:38,韩国地址,-484->-520,36
2026-10-08 22:32:50,韩国地址,-520->-524,4
2026-10-08 22:33:54,韩国地址,-524->-537,13
2026-10-08 22:37:05,韩国地址,-537->-550,13
2026-10-08 22:39:12,韩国地址,-550->-563,13
2026-10-08 22:40:16,韩国地址,-563->-582,19
2026-10-08 22:42:23,韩国地址,-582->-599,17
2026-10-08 22:46:39,韩国地址,-599->-627,28
2026-10-08 22:47:43,韩国地址,-627->-666,39
2026-10-08 22:49:49,韩国地址,-666->-695,29
2026-10-08 22:50:51,韩国地址,-695->-754,59
2026-10-08 22:52:59,韩国地址,-754->-757,3
2026-10-08 22:54:02,韩国地址,-757->-781,24
